{"TEMP": {
	"anomaly_detection": {
		"threshold": -35.1,
		"features": {
			"spike": {
				"model": "exponweib",
				"qlimit": 0.000900,
				"param": [0.517448, 0.801291 , 0.000300, 0.012925]
			},
			"tukey53H_norm": {
				"model": "exponweib",
				"qlimit": 0.001090,
			       	"param": [0.650092, 0.728563, 0.001090, 0.005681]
			}
		}
	}
    }
}
